data,preco_btc_usd,volume_btc_usd
2021-05-24,38630.41,28887112077.25
2021-05-25,38269.77,21976420960.99
2021-05-26,39194.86,20901421018.52
2021-05-27,38510.86,16548411230.21
2021-05-28,35596.72,23158874259.74
2021-05-29,34681.82,17570315819.13
2021-05-30,35652.17,12242649040.01
2021-05-31,37312.97,15715656545.50
2021-06-01,36661.38,13792531232.27
2021-06-02,37639.46,12514343933.53
2021-06-03,39160.15,13113824617.64
2021-06-04,36884.37,15345717935.10
2021-06-05,35409.57,12720616415.16
2021-06-06,35720.60,9149296939.74
2021-06-07,33724.91,13625383268.29
2021-06-08,33475.05,18881823441.28
2021-06-09,37372.99,21691912493.21
2021-06-10,36826.00,17369380399.01
2021-06-11,37185.39,14437136824.91
2021-06-12,35669.17,13632520150.15
2021-06-13,38925.42,13815155599.21
2021-06-14,40455.60,18441335716.91
2021-06-15,40254.65,14255549791.01
2021-06-16,38265.54,14518553860.83
2021-06-17,38018.64,13739720401.63
2021-06-18,35714.31,14975194722.08
2021-06-19,35555.98,11402048600.52
2021-06-20,35599.94,13812295502.00
2021-06-21,31715.16,24571444998.74
2021-06-22,32394.56,27296212376.01
2021-06-23,33610.50,16981679877.92
2021-06-24,34658.97,12391498991.35
2021-06-25,31683.50,16971296829.39
2021-06-26,31890.68,13950093798.02
2021-06-27,34506.49,13262647450.79
2021-06-28,34376.19,12590490293.65
2021-06-29,35933.78,13716893375.08
2021-06-30,35065.47,11916591679.66
2021-07-01,33505.08,11261786911.18
2021-07-02,33782.95,9041063362.74
2021-07-03,34588.22,7623184207.49
2021-07-04,35355.61,7617119191.10
2021-07-05,33911.75,9574601088.92
2021-07-06,34123.98,9415793387.27
2021-07-07,33931.62,8740586623.39
2021-07-08,32819.66,11175633133.98
2021-07-09,33914.88,8384133165.87
2021-07-10,33610.95,6773700194.22
2021-07-11,34258.44,5718618494.60
2021-07-12,33135.24,8004675437.89
2021-07-13,32641.98,6978163230.03
2021-07-14,32798.28,8015197664.32
2021-07-15,31707.69,8293708900.84
2021-07-16,31455.72,8658411859.32
2021-07-17,31547.95,6348301570.32
2021-07-18,31707.70,6336187299.75
2021-07-19,30883.47,7576687304.60
2021-07-20,29766.66,9140640586.17
2021-07-21,32119.66,11286900693.64
2021-07-22,32306.96,7005794133.59
2021-07-23,33439.60,8289259323.92
2021-07-24,34166.91,7847135011.76
2021-07-25,35119.94,7356464331.28
2021-07-26,37444.78,25254057481.49
2021-07-27,39126.54,14927070875.99
2021-07-28,39939.19,17587833714.29
2021-07-29,40086.16,10925243629.28
2021-07-30,41789.67,14128474257.37
2021-07-31,41793.31,10284658993.57
2021-08-01,39968.97,11885797865.34
2021-08-02,39304.19,10829154874.55
2021-08-03,38288.83,11251438718.84
2021-08-04,39773.91,10564736894.33
2021-08-05,40941.65,16152551121.60
2021-08-06,42790.36,16552051330.28
2021-08-07,44484.90,17923166243.30
2021-08-08,43972.30,16324152172.35
2021-08-09,46265.64,17604145341.69
2021-08-10,45488.79,14413657461.94
2021-08-11,45676.33,15028734804.85
2021-08-12,44405.75,14743911062.01
2021-08-13,47717.49,13466337790.20
2021-08-14,47124.21,12950161580.61
2021-08-15,47074.37,12375813621.60
2021-08-16,45984.72,14508924016.40
2021-08-17,44714.10,15282419849.83
2021-08-18,44954.36,14470918214.74
2021-08-19,46646.86,16205799040.94
2021-08-20,49240.84,15571137529.20
2021-08-21,49070.24,16363295276.38
2021-08-22,49363.32,10156371766.71
2021-08-23,49590.88,15131058698.50
2021-08-24,47925.86,16495026936.75
2021-08-25,49002.32,13586281428.86
2021-08-26,47190.34,14246803929.34
2021-08-27,49048.48,13916878639.28
2021-08-28,48852.47,10306152583.45
2021-08-29,48948.35,10636362658.66
2021-08-30,47125.77,14681511065.35
2021-08-31,47219.24,15320673942.98
2021-09-01,48688.54,16227964589.60
2021-09-02,49369.59,16600401777.68
2021-09-03,49860.53,18956375349.15
2021-09-04,49919.58,14244993577.51
2021-09-05,51747.64,12859830966.59
2021-09-06,52640.59,16014245528.34
2021-09-07,46854.40,35443280160.40
2021-09-08,46187.98,21545784791.23
2021-09-09,46448.77,16794016125.20
2021-09-10,44765.28,17344969278.57
2021-09-11,45098.59,12615047601.24
2021-09-12,46180.61,10257341495.00
2021-09-13,44991.52,17804136060.89
2021-09-14,47022.62,15019727997.27
2021-09-15,48167.19,12388340702.04
2021-09-16,47797.33,12917317571.25
2021-09-17,47213.79,11598455779.58
2021-09-18,48204.01,10614751428.83
2021-09-19,47218.47,9661792266.04
2021-09-20,42855.51,20383611639.92
2021-09-21,40526.49,21903480596.57
2021-09-22,43577.57,15238453113.93
2021-09-23,44861.30,13361243567.03
2021-09-24,42803.31,19810484580.25
2021-09-25,42735.27,10794378741.82
2021-09-26,43131.29,11706845319.18
2021-09-27,42496.79,10926890213.68
2021-09-28,41223.79,10800740324.52
2021-09-29,41453.95,10475095397.06
2021-09-30,43781.55,11041040009.20
2021-10-01,48078.13,17554098761.14
2021-10-02,47792.44,11022326879.34
2021-10-03,48202.62,9899189724.25
2021-10-04,49288.50,13312338300.57
2021-10-05,51558.05,14763218493.95
2021-10-06,55419.80,22617586701.37
2021-10-07,53805.16,16612896604.68
2021-10-08,53933.53,14387357851.31
2021-10-09,55010.92,11643960288.00
2021-10-10,54701.28,15181378701.59
2021-10-11,57289.19,17849080808.08
2021-10-12,56196.18,17409297810.94
2021-10-13,57348.89,17807611216.52
2021-10-14,57384.04,15252806873.65
2021-10-15,61446.08,26205492588.39
2021-10-16,60932.06,15384715464.46
2021-10-17,61462.22,12605114214.13
2021-10-18,61977.06,18267006292.40
2021-10-19,64290.90,18969942765.90
2021-10-20,66061.80,20605577864.07
2021-10-21,62373.89,25249772983.88
2021-10-22,60750.97,19666475632.25
2021-10-23,61250.08,11432877823.28
2021-10-24,60865.45,11640285027.01
2021-10-25,63031.67,13329025262.47
2021-10-26,60393.98,15449377234.60
2021-10-27,58563.34,22111398915.03
2021-10-28,60564.57,22343333973.61
2021-10-29,62230.81,16702885354.24
2021-10-30,61742.92,13293878524.50
2021-10-31,61432.97,14731809554.51
2021-11-01,61092.10,16815800251.26
2021-11-02,63024.75,17587596832.66
2021-11-03,62955.98,17644733175.88
2021-11-04,61393.89,14738385382.57
2021-11-05,61005.84,13013000458.36
2021-11-06,61455.05,11377260263.95
2021-11-07,63043.83,10094788221.84
2021-11-08,67541.76,19786509852.55
2021-11-09,67095.59,19620208223.20
2021-11-10,64756.08,25743477603.22
2021-11-11,64962.93,16293313171.33
2021-11-12,64078.97,16907451999.80
2021-11-13,64397.79,11852495923.26
2021-11-14,65032.23,10281178282.81
2021-11-15,63753.50,14084358752.04
2021-11-16,60322.50,25068932858.37
2021-11-17,60154.31,17704094914.84
2021-11-18,56794.16,21804393681.80
2021-11-19,58014.07,16882289917.24
2021-11-20,59749.47,12290133967.08
2021-11-21,59032.62,11134528821.80
2021-11-22,56383.57,16838121883.02
2021-11-23,57642.27,17022288356.76
2021-11-24,57141.83,15068516525.54
2021-11-25,59008.66,16018207838.89
2021-11-26,53800.62,22377094319.43
2021-11-27,54635.88,12359179777.31
2021-11-28,57248.57,11783466214.92
2021-11-29,57920.71,13867650316.28
2021-11-30,57097.01,17310601404.31
2021-12-01,57180.61,16256933173.08
2021-12-02,56582.89,14881472506.63
2021-12-03,53671.62,19797520344.10
2021-12-04,49159.74,33305271857.51
2021-12-05,49327.09,17136472331.64
2021-12-06,50535.43,17870649663.45
2021-12-07,50574.47,14303721829.69
2021-12-08,50500.65,12339484748.45
2021-12-09,47937.82,13165719795.40
2021-12-10,47437.23,14121384571.58
2021-12-11,49321.77,9958493024.14
2021-12-12,50136.57,8286817907.99
2021-12-13,46785.33,14859098053.00
2021-12-14,48292.68,13338519935.82
2021-12-15,48830.62,15981401022.10
2021-12-16,47663.47,10959960521.84
2021-12-17,46334.48,13843429122.14
2021-12-18,46904.87,9401486845.22
2021-12-19,46876.43,9588244434.73
2021-12-20,46954.76,12527824904.85
2021-12-21,49082.06,11259277877.44
2021-12-22,48692.10,10023763355.43
2021-12-23,50712.97,12053452269.63
2021-12-24,50783.83,10518674476.96
2021-12-25,50590.45,7109893496.59
2021-12-26,50798.31,7996336271.94
2021-12-27,50796.38,10239176029.17
2021-12-28,47673.04,14503893949.14
2021-12-29,46470.32,11875471259.85
2021-12-30,47102.46,10059075576.42
2021-12-31,46355.12,11244218012.55
2022-01-01,47560.01,6907898567.48
2022-01-02,47352.56,6750690409.13
2022-01-03,46453.43,9117077393.09
2022-01-04,45905.96,10831204275.95
2022-01-05,43530.94,15626896338.99
2022-01-06,43144.97,11615104991.02
2022-01-07,41512.78,15604293020.82
2022-01-08,41799.81,10015015782.05
2022-01-09,41886.50,7288210918.11
2022-01-10,41816.95,13114657359.85
2022-01-11,42768.18,10314098505.78
2022-01-12,43961.03,9818037568.66
2022-01-13,42626.87,9401429320.19
2022-01-14,43102.65,8673067325.28
2022-01-15,43206.67,5767456527.63
2022-01-16,43168.86,5526144760.34
2022-01-17,42211.27,7478999787.07
2022-01-18,42431.23,8402879572.50
2022-01-19,41787.72,9238611417.83
2022-01-20,40756.13,10242225969.36
2022-01-21,36492.29,21563058188.87
2022-01-22,34996.39,18854812014.63
2022-01-23,36271.05,10848839524.44
2022-01-24,36659.73,19460171604.70
2022-01-25,36952.59,11033106702.29
2022-01-26,36825.82,14381418647.96
2022-01-27,37021.94,10640137763.01
2022-01-28,37768.85,9135808395.19
2022-01-29,38088.29,6434933513.51
2022-01-30,37983.51,5142900050.87
2022-01-31,38462.67,8414578704.73
2022-02-01,38787.96,8156697993.18
2022-02-02,36942.33,8092095786.00
2022-02-03,37057.65,7440679315.63
2022-02-04,41079.91,12411935848.11
2022-02-05,41508.58,7519482839.12
2022-02-06,42358.23,5588383108.83
2022-02-07,43888.98,11814662248.13
2022-02-08,44167.44,14206789025.33
2022-02-09,44405.07,8887315273.41
2022-02-10,43614.34,13757828262.04
2022-02-11,42357.32,10968833584.35
2022-02-12,42173.46,6478870532.74
2022-02-13,42195.59,4796939485.04
2022-02-14,42646.16,7806171092.12
2022-02-15,44511.91,8728320989.10
2022-02-16,44065.71,7216711962.45
2022-02-17,40610.02,10603986430.86
2022-02-18,40044.22,8877763470.20
2022-02-19,40095.89,4378388260.65
2022-02-20,38551.62,6853709105.04
2022-02-21,37098.04,12229717946.73
2022-02-22,38202.59,10169588313.33
2022-02-23,37308.27,8698318595.36
2022-02-24,38283.79,20666368458.54
2022-02-25,39323.77,10893445748.46
2022-02-26,39056.58,6374264560.70
2022-02-27,37664.78,9167688820.62
2022-02-28,43179.25,14643153550.87
2022-03-01,44334.46,14047384167.17
2022-03-02,43984.58,12124720735.28
2022-03-03,42492.77,10016881300.23
2022-03-04,39106.41,12488179313.00
2022-03-05,39383.88,5977148318.78
2022-03-06,38399.34,7255579920.12
2022-03-07,38146.73,11344006169.19
2022-03-08,38725.48,10483115474.73
2022-03-09,41989.40,14019392131.15
2022-03-10,39482.26,14010356921.00
2022-03-11,38825.36,11285230965.56
2022-03-12,38951.13,4926981055.96
2022-03-13,37808.32,6142841848.75
2022-03-14,39649.05,9256863860.14
2022-03-15,39356.81,8895191140.02
2022-03-16,41101.77,16837523985.73
2022-03-17,40966.42,8229142658.68
2022-03-18,41826.12,9179237589.04
2022-03-19,42193.16,6749722734.96
2022-03-20,41294.72,6545074415.61
2022-03-21,41064.43,8587481962.42
2022-03-22,42383.17,12406353015.88
2022-03-23,42734.20,9228466663.25
2022-03-24,43974.59,11562298423.16
2022-03-25,44347.03,10927641840.33
2022-03-26,44519.93,5029013289.51
2022-03-27,46777.21,9060253555.25
2022-03-28,47223.65,13302412300.31
2022-03-29,47463.71,11204366063.28
2022-03-30,47123.30,10055338077.37
2022-03-31,45562.21,12440776277.48
2022-04-01,46250.34,14363112070.40
2022-04-02,45939.90,10682297783.41
2022-04-03,46440.54,9222747534.03
2022-04-04,46663.00,12415826909.30
2022-04-05,45693.04,10538375511.70
2022-04-06,43304.94,14842581153.96
2022-04-07,43569.05,9338442133.97
2022-04-08,42222.07,10251838290.34
2022-04-09,42680.99,4818711935.47
2022-04-10,42264.46,5535566111.52
2022-04-11,39544.03,13029567831.81
2022-04-12,40096.37,11300477343.85
2022-04-13,41152.76,9211636217.96
2022-04-14,39916.50,7536382659.37
2022-04-15,40527.33,5487188888.70
2022-04-16,40439.59,3690714614.18
2022-04-17,39704.78,4626725637.51
2022-04-18,40818.88,10709763836.61
2022-04-19,41489.66,7405993342.99
2022-04-20,41395.64,9017582543.40
2022-04-21,40457.50,11984633925.56
2022-04-22,39737.97,9806946044.53
2022-04-23,39582.45,4286359872.01
2022-04-24,39511.65,5101679437.19
2022-04-25,40473.75,12843245289.39
2022-04-26,38072.80,12215279733.58
2022-04-27,39218.54,9646675379.38
2022-04-28,39747.99,10482995158.44
2022-04-29,38609.51,8957010326.92
2022-04-30,37714.09,6039880658.21
2022-05-01,38459.23,6957907608.40
2022-05-02,38566.06,9809311606.12
2022-05-03,37704.41,7559816224.83
2022-05-04,39641.85,11276767465.47
2022-05-05,36502.02,15358354248.21
2022-05-06,36043.00,12561908182.82
2022-05-07,35508.71,6395067105.33
2022-05-08,34058.91,11999760786.36
2022-05-09,30457.92,25181723714.78
2022-05-10,30990.74,24028396599.32
2022-05-11,28796.56,34657367879.15
2022-05-12,29030.71,30097624721.72
2022-05-13,29285.93,15053844698.55
2022-05-14,30051.94,8173944072.28
2022-05-15,31182.62,7443865210.55
2022-05-16,29889.61,10536726491.48
2022-05-17,30438.19,8945828665.87
2022-05-18,28771.22,10351538709.80
2022-05-19,30257.89,10633086375.82
2022-05-20,29224.25,10235776129.96
2022-05-21,29420.08,4176477855.65
2022-05-22,30331.88,5708844379.00
2022-05-23,29088.25,9829494659.79
2022-05-24,29643.68,7893886759.27
2022-05-25,29577.26,8376806831.92
2022-05-26,29332.49,12533507688.21
2022-05-27,28612.04,12025649209.53
2022-05-28,29045.52,4646142522.63
2022-05-29,29430.07,4075277592.69
2022-05-30,31735.95,12280949553.36
2022-05-31,31831.41,10235518846.27
2022-06-01,29825.92,13241894892.92
2022-06-02,30504.27,8932210117.36
2022-06-03,29662.67,7771681268.11
2022-06-04,29792.41,3567370123.54
2022-06-05,29915.41,3669382503.31
2022-06-06,31333.68,10041880433.56
2022-06-07,31175.03,13782946796.31
2022-06-08,30228.46,9885530461.58
2022-06-09,30064.49,6631191196.55
2022-06-10,29070.40,10300750562.18
2022-06-11,28360.79,8277996033.77
2022-06-12,26830.28,11434429812.20
2022-06-13,22316.26,29944355946.04
2022-06-14,22072.87,21304241063.06
2022-06-15,22520.79,22822911297.96
2022-06-16,20310.18,12545170664.87
2022-06-17,20464.93,9688788483.89
2022-06-18,19013.87,16389815161.43
2022-06-19,20492.30,13298332256.27
2022-06-20,20571.63,11137607109.86
2022-06-21,20688.47,10214853097.20
2022-06-22,20003.17,9863055075.59
2022-06-23,21097.10,8992166912.60
2022-06-24,21299.08,8770253854.61
2022-06-25,21468.34,5632965587.54
2022-06-26,21066.62,5572971395.85
2022-06-27,20751.05,6760414668.86
2022-06-28,20263.22,6987921279.69
2022-06-29,20080.95,8111793844.64
2022-06-30,19332.91,10015394386.69
2022-07-01,19341.86,11088252915.49
2022-07-02,19231.83,4501005501.32
2022-07-03,19276.51,4831776398.60
2022-07-04,20226.30,6746602702.36
2022-07-05,20193.34,8826497282.42
2022-07-06,20560.84,7803284516.95
2022-07-07,21651.42,8123265924.28
2022-07-08,21813.79,18513622026.46
2022-07-09,21585.13,9457361544.08
2022-07-10,20831.27,9656590583.70
2022-07-11,19971.33,8254669653.71
2022-07-12,19339.15,8947698311.04
2022-07-13,20155.53,13376425704.60
2022-07-14,20552.90,10828163722.93
2022-07-15,20831.72,9530874620.98
2022-07-16,21196.51,7874805597.31
2022-07-17,20827.89,7693331809.27
2022-07-18,22305.71,15998247369.69
2022-07-19,23371.20,19826660557.12
2022-07-20,23280.94,18311113923.74
2022-07-21,23152.41,13518660850.77
2022-07-22,22706.08,12511185421.01
2022-07-23,22484.46,8573521792.77
2022-07-24,22653.36,8305304702.62
2022-07-25,21510.13,13324152840.41
2022-07-26,21181.66,10929855208.94
2022-07-27,22898.42,13893424373.46
2022-07-28,23838.56,16395423570.17
2022-07-29,23950.74,14793722764.40
2022-07-30,23623.43,10666365149.08
2022-07-31,23356.17,8589457632.54
2022-08-01,23331.44,9808015051.00
2022-08-02,23031.43,10865974521.08
2022-08-03,22809.75,10221796872.53
2022-08-04,22628.33,10064406097.30
2022-08-05,23248.97,11770869356.41
2022-08-06,22996.28,5054758518.68
2022-08-07,23153.66,5051011463.66
2022-08-08,23803.65,10914857806.09
2022-08-09,23186.29,9349235041.17
2022-08-10,23923.06,13793461997.31
2022-08-11,23934.44,15906354568.65
2022-08-12,24396.31,10514711868.37
2022-08-13,24426.22,9229970197.88
2022-08-14,24314.20,9190505051.55
2022-08-15,24083.95,14958155977.98
2022-08-16,23868.82,10915319802.27
2022-08-17,23336.35,12821094743.90
2022-08-18,23221.17,8049628042.10
2022-08-19,20906.77,17478732474.45
2022-08-20,21146.65,10107289569.39
2022-08-21,21554.00,8317672111.94
2022-08-22,21301.08,11538476110.62
2022-08-23,21534.51,10595392226.99
2022-08-24,21424.97,9523214352.63
2022-08-25,21587.84,8425506933.42
2022-08-26,20246.17,15268318661.97
2022-08-27,20043.99,8524042721.95
2022-08-28,19673.54,6702071269.99
2022-08-29,20270.96,10472006276.00
2022-08-30,19825.46,12903492318.11
2022-08-31,20024.67,12716997383.73
2022-09-01,20105.46,11070522554.58
2022-09-02,19948.86,11007379913.19
2022-09-03,19803.83,5861455563.33
2022-09-04,19961.91,6229672897.76
2022-09-05,19797.80,8831459842.57
2022-09-06,18846.15,16177044696.23
2022-09-07,19292.91,12771257081.83
2022-09-08,19319.12,11800658806.89
2022-09-09,21363.31,20766008911.25
2022-09-10,21715.21,13707970807.79
2022-09-11,21732.77,12714424788.62
2022-09-12,22365.21,20532599884.23
2022-09-13,20165.04,24068120725.04
2022-09-14,20246.37,15667229490.37
2022-09-15,19696.87,15011889945.48
2022-09-16,19741.58,13151438669.24
2022-09-17,20120.70,9421581223.06
2022-09-18,19427.10,12754445429.20
2022-09-19,19557.98,18829405533.44
2022-09-20,18872.95,15361629385.08
2022-09-21,18506.76,20976502377.11
2022-09-22,19414.54,18345365367.28
2022-09-23,19326.86,15657666696.31
2022-09-24,18924.77,9575365033.94
2022-09-25,18793.16,8716899709.12
2022-09-26,19201.13,19956679983.66
2022-09-27,19106.74,28149047884.42
2022-09-28,19454.94,25070695056.06
2022-09-29,19540.87,10699004351.97
2022-09-30,19435.19,19044623312.03
2022-10-01,19311.86,6547468881.66
2022-10-02,19015.29,8200077083.76
2022-10-03,19633.43,12866240703.27
2022-10-04,20339.97,15480579142.98
2022-10-05,20155.10,14433575296.59
2022-10-06,19950.55,15474578899.84
2022-10-07,19539.14,12019159440.68
2022-10-08,19416.18,4974486247.41
2022-10-09,19428.37,5417019162.42
2022-10-10,19154.40,10060033831.82
2022-10-11,19039.28,11285491986.10
2022-10-12,19156.91,9952746004.02
2022-10-13,19387.83,19534704284.83
2022-10-14,19177.69,18339151976.34
2022-10-15,19069.87,5502768960.32
2022-10-16,19261.75,6821314673.46
2022-10-17,19557.02,12113841516.45
2022-10-18,19341.41,14299565858.23
2022-10-19,19132.15,9339339314.23
2022-10-20,19033.38,11008226785.79
2022-10-21,19174.88,14561861282.23
2022-10-22,19207.63,4774783235.37
2022-10-23,19565.41,7956738676.07
2022-10-24,19341.46,12048634040.71
2022-10-25,20094.96,19895894385.21
2022-10-26,20797.03,22458287649.34
2022-10-27,20280.18,17662789381.57
2022-10-28,20604.61,14983969219.17
2022-10-29,20803.90,13376463311.00
2022-10-30,20616.70,9581661474.19
2022-10-31,20490.86,7678070035.54
2022-11-01,20483.97,12319576456.92
2022-11-02,20148.28,19249776021.46
2022-11-03,20198.11,13449808635.25
2022-11-04,21157.24,23359994669.01
2022-11-05,21283.47,11420258248.01
2022-11-06,20946.80,10105313953.47
2022-11-07,20568.57,17227999084.20
2022-11-08,18520.97,48421194270.37
2022-11-09,15758.29,44470633009.36
2022-11-10,17541.56,29627713951.16
2022-11-11,16916.85,18085735751.06
2022-11-12,16771.24,8266826492.71
2022-11-13,16320.50,8426755002.59
2022-11-14,16629.48,16997289347.03
2022-11-15,16855.59,12085486623.28
2022-11-16,16659.61,11410913049.89
2022-11-17,16675.18,8237051359.19
2022-11-18,16661.52,8062185138.50
2022-11-19,16696.00,4016701906.22
2022-11-20,16246.84,6471478081.81
2022-11-21,15778.02,13119331161.93
2022-11-22,16172.89,10303275174.63
2022-11-23,16574.06,10879843229.70
2022-11-24,16583.52,8061758405.62
2022-11-25,16522.39,7371400232.20
2022-11-26,16448.64,6571519761.62
2022-11-27,16436.07,5734352902.01
2022-11-28,16212.58,10185161473.96
2022-11-29,16443.04,9416306797.27
2022-11-30,17176.90,12866116760.29
2022-12-01,16961.29,10180887766.19
2022-12-02,17075.11,8815923097.38
2022-12-03,16899.51,7485097176.19
2022-12-04,17121.71,7671626710.64
2022-12-05,16961.35,10690173319.94
2022-12-06,17070.52,9106145121.63
2022-12-07,16848.25,9171547819.53
2022-12-08,17231.46,9599018485.35
2022-12-09,17136.15,9261513002.28
2022-12-10,17124.21,5242742795.83
2022-12-11,17094.36,6181456906.71
2022-12-12,17195.52,8884761295.87
2022-12-13,17774.92,13084919190.90
2022-12-14,17809.72,12274215733.20
2022-12-15,17344.05,9628729849.49
2022-12-16,16606.11,11542067285.40
2022-12-17,16774.39,5905072402.32
2022-12-18,16776.12,4410520761.54
2022-12-19,16424.13,8026243814.63
2022-12-20,16901.82,10507063258.29
2022-12-21,16800.53,6240290599.95
2022-12-22,16814.22,7074799551.00
2022-12-23,16780.52,6636480476.99
2022-12-24,16837.61,3608176912.10
2022-12-25,16824.84,4488178698.91
2022-12-26,16879.94,4629771017.97
2022-12-27,16698.91,7109117005.23
2022-12-28,16536.29,7936371231.89
2022-12-29,16630.59,6423588227.19
2022-12-30,16593.69,6868973492.57
2022-12-31,16524.22,4418902904.14
2023-01-01,16606.75,3482939407.91
2023-01-02,16688.72,5226730222.50
2023-01-03,16670.08,6050649095.33
2023-01-04,16848.37,8681579163.08
2023-01-05,16824.80,5739689110.74
2023-01-06,16957.86,7556650364.78
2023-01-07,16942.63,3182996134.56
2023-01-08,17059.24,4758270817.81
2023-01-09,17182.32,10256620754.53
2023-01-10,17433.91,8300555363.27
2023-01-11,17833.71,10286356665.55
2023-01-12,18869.70,20151197412.61
2023-01-13,19868.72,16145322849.88
2023-01-14,21010.92,21188492055.85
2023-01-15,20876.01,9617917648.42
2023-01-16,21180.41,15095237194.60
2023-01-17,21178.30,14023167964.12
2023-01-18,20709.67,18221791671.46
2023-01-19,21071.83,11954332921.16
2023-01-20,22660.72,16935868176.63
2023-01-21,22803.17,19402684905.77
2023-01-22,22716.28,14383369426.87
2023-01-23,22929.02,15625863053.06
2023-01-24,22611.13,15772222839.81
2023-01-25,23109.08,18526956612.77
2023-01-26,23008.69,15302218684.53
2023-01-27,23070.50,14691605925.05
2023-01-28,23008.81,7358966126.76
2023-01-29,23775.00,16001170091.84
2023-01-30,22799.43,15996934228.16
2023-01-31,23130.05,13050986888.09
2023-02-01,23727.20,15098181392.44
2023-02-02,23505.60,19232585774.21
2023-02-03,23445.81,15419972956.05
2023-02-04,23355.52,8113531828.06
2023-02-05,22957.23,10917213607.82
2023-02-06,22745.17,13662558643.68
2023-02-07,23266.27,16058609233.67
2023-02-08,22937.58,14953697927.45
2023-02-09,21818.20,19480232175.92
2023-02-10,21620.57,15582972586.60
2023-02-11,21864.86,8797826426.85
2023-02-12,21772.14,9797114286.65
2023-02-13,21798.72,13593901247.03
2023-02-14,22222.42,15340218926.05
2023-02-15,24304.61,18862748183.14
2023-02-16,23742.45,23710030781.63
2023-02-17,24607.34,24328069687.41
2023-02-18,24636.53,9706544668.72
2023-02-19,24366.99,14575960826.23
2023-02-20,24797.84,16413216545.47
2023-02-21,24400.39,18044237208.75
2023-02-22,24163.74,17523114359.39
2023-02-23,23910.03,17757804680.52
2023-02-24,23175.82,15543404688.30
2023-02-25,23159.82,8121640539.51
2023-02-26,23542.10,8560021742.37
2023-02-27,23504.19,12533527682.73
2023-02-28,23145.95,11032699585.18
2023-03-01,23610.66,13583383752.67
2023-03-02,23470.03,10694027380.30
2023-03-03,22350.10,14981953672.13
2023-03-04,22334.29,4813757986.43
2023-03-05,22419.82,6437226222.97
2023-03-06,22414.70,8233597113.36
2023-03-07,22174.65,12337703894.71
2023-03-08,21701.38,12108297700.89
2023-03-09,20349.81,17901574390.07
2023-03-10,20240.41,23816614356.16
2023-03-11,20585.23,17742289263.66
2023-03-12,22065.98,16924248418.24
2023-03-13,24154.43,29691786573.66
2023-03-14,24769.02,30830652375.82
2023-03-15,24409.80,26303317410.77
2023-03-16,25043.24,19514577683.31
2023-03-17,27450.63,31289099128.64
2023-03-18,26985.74,19399308264.82
2023-03-19,28185.20,19458023272.33
2023-03-20,27834.34,24549077847.18
2023-03-21,28172.80,20790263207.95
2023-03-22,27341.56,18964688511.81
2023-03-23,28387.89,12478653274.67
2023-03-24,27464.12,15655049466.01
2023-03-25,27488.95,5117311428.10
2023-03-26,28049.39,5389478867.15
2023-03-27,27155.00,8067988947.04
2023-03-28,27283.96,7758064510.15
2023-03-29,28389.29,9545801607.78
2023-03-30,28021.56,11059525124.58
2023-03-31,28514.68,8674259530.29
2023-04-01,28494.56,4152773641.07
2023-04-02,28162.00,4247446898.51
2023-04-03,27850.98,8815840109.40
2023-04-04,28113.96,6270156545.43
2023-04-05,28190.31,7183935480.08
2023-04-06,28049.07,4985264573.38
2023-04-07,27936.80,3177935904.69
2023-04-08,27964.05,2575794168.40
2023-04-09,28357.81,3864343192.26
2023-04-10,29687.57,7859290892.84
2023-04-11,30247.10,8967191913.22
2023-04-12,29913.00,8374453806.39
2023-04-13,30370.82,6989725585.22
2023-04-14,30458.97,9349243336.99
2023-04-15,30342.06,3706765071.31
2023-04-16,30312.93,4052465432.53
2023-04-17,29469.51,7071772295.57
2023-04-18,30366.87,7947308760.66
2023-04-19,28796.74,11021822315.32
2023-04-20,28251.28,8649744774.39
2023-04-21,27292.02,8535614918.72
2023-04-22,27827.55,4260267743.80
2023-04-23,27604.69,4120658132.69
2023-04-24,27520.20,7050552654.14
2023-04-25,28302.69,6847442589.99
2023-04-26,28384.23,15212447057.53
2023-04-27,29465.55,12363485144.16
2023-04-28,29350.81,7144326139.33
2023-04-29,29221.51,3207709786.45
2023-04-30,29362.09,5504280186.65
2023-05-01,28114.95,7883497032.76
2023-05-02,28690.58,6646631455.91
2023-05-03,29045.04,8265211496.74
2023-05-04,28855.86,6166023948.11
2023-05-05,29552.97,7492150984.03
2023-05-06,28899.46,5931118826.14
2023-05-07,28761.74,3911869860.59
2023-05-08,27727.29,7737229754.28
2023-05-09,27642.43,4884140425.79
2023-05-10,27646.00,8491614187.99
2023-05-11,26986.27,6425277783.87
2023-05-12,26773.34,7818548935.84
2023-05-13,26841.40,2838317748.95
2023-05-14,26918.26,2882677526.95
2023-05-15,27231.62,5590897813.89
2023-05-16,27025.72,4764764947.29
2023-05-17,27401.04,5810913341.00
2023-05-18,26843.24,6212796258.18
2023-05-19,26889.50,4389699021.58
2023-05-20,27100.86,1915270275.41
2023-05-21,26777.10,2854390677.02
2023-05-22,26858.74,4451246527.74
2023-05-23,27226.86,5505951484.51
2023-05-24,26341.43,7096599462.91
2023-05-25,26484.84,5832917354.58
2023-05-26,26720.38,5003777162.30
2023-05-27,26854.54,2538585694.50
2023-05-28,28097.52,5798613422.83
2023-05-29,27765.07,6119584360.69
2023-05-30,27712.49,5484483730.76
2023-05-31,27217.68,6911520753.53
2023-06-01,26825.37,6363290083.98
2023-06-02,27255.23,6652686405.18
2023-06-03,27079.41,2858086295.60
2023-06-04,27158.25,3471882669.18
2023-06-05,25785.85,10148508271.71
2023-06-06,27213.77,9619485776.81
2023-06-07,26339.58,8417286897.01
2023-06-08,26521.69,4618255536.75
2023-06-09,26470.68,4223919193.04
2023-06-10,25863.21,8255423375.06
2023-06-11,25906.83,3912637767.87
2023-06-12,25906.75,4670223904.60
2023-06-13,25880.86,5877742254.15
2023-06-14,25097.59,5863303245.97
2023-06-15,25559.14,6053072252.21
2023-06-16,26331.82,6021517323.11
2023-06-17,26514.17,3578241960.02
2023-06-18,26353.96,2867206944.91
2023-06-19,26778.06,4868829634.88
2023-06-20,28305.42,9160851015.99
2023-06-21,30099.52,14825598404.50
2023-06-22,29952.51,8687518014.14
2023-06-23,30638.35,11839148108.09
2023-06-24,30549.02,4875703648.32
2023-06-25,30467.44,5256751662.67
2023-06-26,30255.89,7410950245.38
2023-06-27,30667.08,7234774435.83
2023-06-28,30104.04,5909934222.49
2023-06-29,30460.79,4914939135.46
2023-06-30,30484.50,11780502234.09
2023-07-01,30581.69,2726601695.11
2023-07-02,30594.22,3537090094.08
2023-07-03,31135.36,6043993583.42
2023-07-04,30799.95,4748446596.38
2023-07-05,30497.82,4829206679.16
2023-07-06,29979.73,9654693738.60
2023-07-07,30329.88,5314294892.35
2023-07-08,30263.62,2261205453.26
2023-07-09,30163.22,2596995708.68
2023-07-10,30394.66,6215298401.39
2023-07-11,30616.25,4874528785.90
2023-07-12,30385.61,6230948433.23
2023-07-13,31434.74,10790373342.41
2023-07-14,30310.67,8953014991.66
2023-07-15,30290.89,2265207886.06
2023-07-16,30249.77,2764118875.90
2023-07-17,30143.75,5106405292.95
2023-07-18,29835.75,5094855133.85
2023-07-19,29913.03,4532638264.23
2023-07-20,29805.61,5669369708.51
2023-07-21,29919.69,3704983459.08
2023-07-22,29726.01,2219276843.90
2023-07-23,30066.57,3083037646.00
2023-07-24,29178.36,6486581945.12
2023-07-25,29221.25,3444990279.57
2023-07-26,29361.59,5178877856.81
2023-07-27,29201.69,4153175440.06
2023-07-28,29316.31,4329003455.71
2023-07-29,29360.38,1931308938.76
2023-07-30,29262.84,2998235280.57
2023-07-31,29219.82,4799611830.71
2023-08-01,29499.59,7836049469.24
2023-08-02,29143.15,7872215309.45
2023-08-03,29192.34,5148828183.38
2023-08-04,29057.25,4719711906.13
2023-08-05,29053.10,2030023814.61
2023-08-06,29048.04,2353549520.78
2023-08-07,29164.36,5542085527.17
2023-08-08,29779.51,7298489071.92
2023-08-09,29582.94,6264604698.43
2023-08-10,29430.16,4537729588.20
2023-08-11,29399.78,3635531576.61
2023-08-12,29415.73,1601995960.38
2023-08-13,29286.12,1969606358.30
2023-08-14,29408.97,5411567058.55
2023-08-15,29167.60,4488882769.76
2023-08-16,28754.29,5397398364.50
2023-08-17,26660.56,13687172656.81
2023-08-18,26037.37,9612175514.90
2023-08-19,26093.98,3644527423.41
2023-08-20,26176.47,2734270910.78
2023-08-21,26128.91,4879156212.89
2023-08-22,25978.21,5539445605.87
2023-08-23,26452.19,6338027659.61
2023-08-24,26126.79,4584258863.61
2023-08-25,26040.88,4684616570.96
2023-08-26,26006.17,1364857637.35
2023-08-27,26086.36,1634778171.91
2023-08-28,26103.28,3675374039.37
2023-08-29,27672.22,11854107500.74
2023-08-30,27299.00,6179730013.97
2023-08-31,25954.87,8209623515.08
2023-09-01,25802.79,6902128000.88
2023-09-02,25868.30,2929835094.59
2023-09-03,25962.55,3089859704.90
2023-09-04,25799.53,3678098576.84
2023-09-05,25782.36,3712055278.70
2023-09-06,25754.79,4656976560.44
2023-09-07,26210.60,3723070041.11
2023-09-08,25904.70,3507237481.97
2023-09-09,25894.62,1187645696.05
2023-09-10,25831.46,2263377937.99
2023-09-11,25135.04,5417217457.77
2023-09-12,25859.70,7239867563.25
2023-09-13,26226.87,4279985003.82
2023-09-14,26556.06,4696088237.20
2023-09-15,26672.62,3424122725.27
2023-09-16,26555.64,1744591047.68
2023-09-17,26502.43,1490607082.23
2023-09-18,26764.63,5560639373.12
2023-09-19,27215.05,4913249704.96
2023-09-20,27133.40,4633520638.70
2023-09-21,26571.60,4276124173.70
2023-09-22,26581.15,2843604495.26
2023-09-23,26575.78,1166107250.29
2023-09-24,26286.64,2095763667.58
2023-09-25,26288.81,4051736612.21
2023-09-26,26194.54,2834296816.30
2023-09-27,26336.08,4845264264.87
2023-09-28,27033.43,5964040338.68
2023-09-29,26911.25,4361323030.38
2023-09-30,26977.69,1755807865.43
2023-10-01,27950.15,3789419594.09
2023-10-02,27565.89,8727177078.80
2023-10-03,27439.14,4947479217.07
2023-10-04,27797.25,4802327917.73
2023-10-05,27426.35,5332495417.61
2023-10-06,27941.96,6071007807.01
2023-10-07,27972.75,2616586287.08
2023-10-08,27936.33,3254719839.20
2023-10-09,27591.35,5457622957.34
2023-10-10,27419.80,4514397807.14
2023-10-11,26828.17,6260905029.84
2023-10-12,26741.34,4287513478.22
2023-10-13,26842.45,4544161112.75
2023-10-14,26861.99,1882805808.43
2023-10-15,27130.31,2820659277.20
2023-10-16,28506.79,12324231538.49
2023-10-17,28433.21,6382458113.24
2023-10-18,28328.08,5498621182.74
2023-10-19,28690.36,6304460034.50
2023-10-20,29704.99,9627457733.98
2023-10-21,29922.55,4908622874.48
2023-10-22,29984.16,4357335589.34
2023-10-23,32954.17,16565435018.97
2023-10-24,33880.96,19576541722.88
2023-10-25,34488.66,11314675190.17
2023-10-26,34181.49,8615390557.11
2023-10-27,33896.94,7105739348.66
2023-10-28,34091.59,3717269221.57
2023-10-29,34574.34,4172953364.73
2023-10-30,34495.11,6957948419.08
2023-10-31,34636.43,6883517299.59
2023-11-01,35431.98,9548618314.36
2023-11-02,34882.92,9262709776.04
2023-11-03,34708.22,7095965429.41
2023-11-04,35091.08,3374871978.98
2023-11-05,35105.04,4822792964.07
2023-11-06,35017.72,5083270154.96
2023-11-07,35418.48,7351195616.14
2023-11-08,35797.89,6911668170.53
2023-11-09,36675.33,15948098456.88
2023-11-10,37367.49,8914376429.05
2023-11-11,36979.93,5097651991.82
2023-11-12,37053.34,4172077176.73
2023-11-13,36543.27,7867716300.20
2023-11-14,35590.68,10073551301.04
2023-11-15,37840.55,10978796242.18
2023-11-16,36160.40,10843548581.16
2023-11-17,36569.71,8609484089.36
2023-11-18,36577.42,3820646508.27
2023-11-19,37442.73,4365444223.66
2023-11-20,37516.05,8633330601.56
2023-11-21,36035.03,11345690429.97
2023-11-22,37403.03,9696815489.43
2023-11-23,37311.72,5661761184.07
2023-11-24,37718.78,9283265713.25
2023-11-25,37800.13,2935657938.97
2023-11-26,37482.71,4749678489.38
2023-11-27,37229.25,7489775041.37
2023-11-28,37828.47,8682782877.39
2023-11-29,37846.85,7825117481.35
2023-11-30,37712.71,5939392550.36
2023-12-01,38703.55,9347568826.51
2023-12-02,39462.28,5949409529.20
2023-12-03,39978.22,6093915090.95
2023-12-04,41910.30,15988298256.60
2023-12-05,44067.01,15948537678.61
2023-12-06,43745.83,13324410750.89
2023-12-07,43282.62,11573711318.68
2023-12-08,44205.05,10161998447.93
2023-12-09,43740.01,6797659427.68
2023-12-10,43732.71,4823569819.05
2023-12-11,41209.89,17260175545.10
2023-12-12,41467.27,10941804000.84
2023-12-13,42939.06,11726004748.71
2023-12-14,43033.14,11311843952.80
2023-12-15,41978.10,8608453744.13
2023-12-16,42203.21,6093493256.47
2023-12-17,41428.67,7021378472.64
2023-12-18,42635.73,11494320344.95
2023-12-19,42271.86,10621280570.46
2023-12-20,43605.16,12722756432.95
2023-12-21,43870.24,10320384226.33
2023-12-22,44009.50,8965129935.15
2023-12-23,43768.81,4515142974.26
2023-12-24,43097.81,6199013474.72
2023-12-25,43623.75,7193933449.69
2023-12-26,42491.12,10730949500.22
2023-12-27,43436.96,9344062846.96
2023-12-28,42670.68,9734850249.84
2023-12-29,41998.60,10997021534.09
2023-12-30,42204.49,6627146775.04
2023-12-31,42217.16,6837092115.98
2024-01-01,44049.47,7250545702.15
2024-01-02,44941.16,17081514981.06
2024-01-03,42773.65,19553734305.14
2024-01-04,44250.75,14039209485.23
2024-01-05,44146.32,14588099215.02
2024-01-06,43917.98,6247900761.33
2024-01-07,43844.20,7431340107.71
2024-01-08,46981.32,18542335463.89
2024-01-09,46084.01,19155255590.58
2024-01-10,46818.16,24715285126.36
2024-01-11,46380.87,22411212266.98
2024-01-12,42817.43,21213212040.15
2024-01-13,42846.95,9337122570.33
2024-01-14,41888.15,7573647279.56
2024-01-15,42528.92,9928562848.03
2024-01-16,43171.45,10909593921.32
2024-01-17,42689.30,9956022710.60
2024-01-18,41261.91,12254888799.33
2024-01-19,41606.85,12472765847.69
2024-01-20,41668.69,4734275621.33
2024-01-21,41537.11,3516213148.54
2024-01-22,39577.10,16041563733.77
2024-01-23,39737.31,14034802469.45
2024-01-24,40101.86,10293589599.78
2024-01-25,39917.66,8336836447.41
2024-01-26,41860.73,11836749256.99
2024-01-27,42125.30,4277956106.27
2024-01-28,41983.02,7452485056.60
2024-01-29,43218.35,9287336135.46
2024-01-30,42950.05,11688762263.71
2024-01-31,42589.47,12400621163.46
2024-02-01,43020.36,10465078654.28
2024-02-02,43155.39,8982726520.13
2024-02-03,42982.38,5566272431.18
2024-02-04,42576.29,7277561262.55
2024-02-05,42619.27,9406372917.01
2024-02-06,43102.71,8190085455.03
2024-02-07,44253.03,10002456696.55
2024-02-08,45332.09,12597654187.54
2024-02-09,47176.97,19841936110.68
2024-02-10,47792.90,7703583213.36
2024-02-11,48200.80,9603675210.26
2024-02-12,49989.80,17365521058.40
2024-02-13,49628.09,15691373453.90
2024-02-14,51844.29,16940117136.52
2024-02-15,51939.15,17451008707.41
2024-02-16,52157.31,13040715769.83
2024-02-17,51674.82,9005429080.28
2024-02-18,52148.06,7526703072.99
2024-02-19,51804.81,9863692990.89
2024-02-20,52308.05,15883875039.05
2024-02-21,51744.32,13513961689.98
2024-02-22,51292.33,12010457032.19
2024-02-23,50789.14,10099100115.92
2024-02-24,51578.23,5402504165.22
2024-02-25,51746.48,6188818930.84
2024-02-26,54551.83,16287851720.05
2024-02-27,57049.89,23460065502.36
2024-02-28,62460.74,37748173828.67
2024-02-29,61394.78,29592026760.18
2024-03-01,62524.40,17712347587.87
2024-03-02,62049.61,10784520019.71
2024-03-03,62991.44,12296134824.56
2024-03-04,68091.84,34123998240.66
2024-03-05,63950.52,50764709477.53
2024-03-06,66103.72,35033812966.69
2024-03-07,67070.38,22336546805.61
2024-03-08,68343.71,29222451631.72
2024-03-09,68502.51,9199042074.11
2024-03-10,68882.25,16809904496.06
2024-03-11,72198.09,33331070279.39
2024-03-12,71432.73,30705891174.73
2024-03-13,73081.58,22160525055.37
2024-03-14,71505.27,30240525378.43
2024-03-15,69424.91,40360590608.58
2024-03-16,65433.68,23004415587.28
2024-03-17,68285.09,21229313303.56
2024-03-18,67770.89,24265605725.42
2024-03-19,61969.31,38738969377.64
2024-03-20,67848.11,32123614449.81
2024-03-21,65454.74,21487928137.93
2024-03-22,63486.48,19721363454.40
2024-03-23,64361.24,11764824453.52
2024-03-24,67289.57,12911892642.04
2024-03-25,70042.02,21329523547.27
2024-03-26,70071.05,17284660355.82
2024-03-27,69267.89,20451494078.46
2024-03-28,70826.90,15976055967.20
2024-03-29,69917.04,11999225207.16
2024-03-30,69663.01,7926552761.62
2024-03-31,71227.45,9203296614.50
2024-04-01,69791.63,17397697887.78
2024-04-02,65533.75,25508764845.75
2024-04-03,66130.22,17128825758.40
2024-04-04,68438.14,16735981387.61
2024-04-05,67904.91,16347252619.60
2024-04-06,69136.07,8828303155.13
2024-04-07,69392.68,9406769292.48
2024-04-08,71712.80,17668577011.45
2024-04-09,69074.54,18376589885.30
2024-04-10,70579.45,18832758220.57
2024-04-11,70046.55,14374796057.11
2024-04-12,67098.11,22015938771.44
2024-04-13,64551.65,26572714113.11
2024-04-14,65648.81,22769527349.28
2024-04-15,63393.33,20122868493.29
2024-04-16,63784.82,19855744773.40
2024-04-17,61324.22,21032645521.67
2024-04-18,63510.15,16729182705.96
2024-04-19,63762.63,24290125621.71
2024-04-20,64907.99,10209755943.91
2024-04-21,64968.19,9474636328.85
2024-04-22,66944.60,13646040858.89
2024-04-23,66385.30,12194434101.00
2024-04-24,64189.97,15881071503.61
2024-04-25,64515.39,17731373529.36
2024-04-26,63777.47,11464251164.22
2024-04-27,63429.31,8373511757.42
2024-04-28,62978.58,7491524824.73
2024-04-29,63908.39,13056261845.71
2024-04-30,60636.33,18760431064.93
2024-05-01,58141.78,24737539559.20
2024-05-02,59170.11,15829327094.81
2024-05-03,62983.66,16327186144.14
2024-05-04,63881.13,9029725334.89
2024-05-05,64067.60,7753748893.08
2024-05-06,63228.10,14093132482.15
2024-05-07,62397.00,13220781325.32
2024-05-08,61079.27,13478603263.18
2024-05-09,62998.49,11740991586.81
2024-05-10,60896.64,12913363816.92
2024-05-11,60843.57,5455046417.61
2024-05-12,61431.27,5509089321.33
2024-05-13,62886.94,13211250469.40
2024-05-14,61555.57,12113667608.00
2024-05-15,66281.53,17172897069.12
2024-05-16,65269.26,12906388209.78
2024-05-17,66956.44,11811647501.07
2024-05-18,66977.60,5878346194.85
2024-05-19,66259.47,7041873685.30
2024-05-20,71202.20,18490055736.14
2024-05-21,70217.25,18835543083.72
2024-05-22,69074.91,14298552149.30
2024-05-23,67758.73,18478056191.22
2024-05-24,68609.00,12171953685.11
2024-05-25,69282.79,5647519580.36
2024-05-26,68445.01,5805945887.07
2024-05-27,69347.82,10599944567.79
2024-05-28,68342.82,13217023044.39
2024-05-29,67584.26,11381516745.64
2024-05-30,68375.48,12399825204.37
2024-05-31,67377.76,11245236295.37
2024-06-01,67714.35,4118586345.36
2024-06-02,67805.49,6192684953.64
2024-06-03,68833.30,13069431044.10
2024-06-04,70554.09,13704074333.02
2024-06-05,71087.44,13604866856.67
2024-06-06,70788.50,10437499206.31
2024-06-07,69338.16,15828294865.75
2024-06-08,69310.11,5663235248.91
2024-06-09,69644.02,5172310950.03
2024-06-10,69465.94,8753023986.25
2024-06-11,67368.26,18296080106.64
2024-06-12,68213.83,16808022781.03
2024-06-13,66783.49,13613395924.79
2024-06-14,65982.19,12994996576.42
2024-06-15,66204.90,4958017660.39
2024-06-16,66622.60,4646838310.80
2024-06-17,66483.88,12946665205.60
2024-06-18,65112.12,17154948359.82
2024-06-19,64878.71,8320519730.09
2024-06-20,64897.70,10487188943.36
2024-06-21,64086.05,10823506045.60
2024-06-22,64258.14,2939982450.65
2024-06-23,63345.02,3654691779.97
2024-06-24,60258.96,19349344375.46
2024-06-25,61739.67,11961566774.80
2024-06-26,60794.48,8931736244.35
2024-06-27,61569.92,8657071869.68
2024-06-28,60303.31,10281355347.10
2024-06-29,60889.33,4188531828.18
2024-06-30,62763.28,6274709490.46
2024-07-01,62835.40,10282004110.45
2024-07-02,62028.62,8012153705.41
2024-07-03,60216.39,11875055484.10
2024-07-04,57418.24,16868693674.11
2024-07-05,56720.99,21881106663.78
2024-07-06,58259.22,7714676582.44
2024-07-07,56112.57,7569481196.53
2024-07-08,56691.91,16027546830.93
2024-07-09,57981.43,10963306049.17
2024-07-10,57722.01,10008854853.93
2024-07-11,57307.71,11321406493.21
2024-07-12,57859.12,10057565384.47
2024-07-13,59329.04,6041284387.84
2024-07-14,61015.03,8242557173.65
2024-07-15,64734.76,14784189654.14
2024-07-16,65118.83,15955797076.29
2024-07-17,64201.37,12372196024.35
2024-07-18,63984.30,10444717921.84
2024-07-19,66755.78,14344051553.06
2024-07-20,67185.50,6327511276.00
2024-07-21,68056.62,9875839945.42
2024-07-22,67535.20,23596745505.97
2024-07-23,65916.41,13978539534.50
2024-07-24,65353.39,10205213346.80
2024-07-25,65722.06,14383308820.82
2024-07-26,67912.24,11359760478.92
2024-07-27,68077.37,12941347929.92
2024-07-28,68170.67,6293226346.31
2024-07-29,66867.17,15565757911.71
2024-07-30,66186.91,11393935670.51
2024-07-31,64690.63,12080963633.12
2024-08-01,65178.06,17040173764.03
2024-08-02,61506.77,15038658306.29
2024-08-03,60688.24,13095816561.63
2024-08-04,58306.26,13129104897.52
2024-08-05,54343.63,48882416601.58
2024-08-06,56047.47,20401237616.51
2024-08-07,55129.74,17738480521.37
2024-08-08,61908.79,18837776332.30
2024-08-09,60720.94,14166347052.50
2024-08-10,60871.56,6490103819.06
2024-08-11,58836.10,9554966005.21
2024-08-12,59394.16,15257017358.50
2024-08-13,60536.25,12478915078.60
2024-08-14,58840.65,13116633836.36
2024-08-15,57644.19,15386220421.13
2024-08-16,58927.28,12231042437.78
2024-08-17,59414.67,5483272906.19
2024-08-18,58793.21,7079060376.86
2024-08-19,59411.52,10645902084.87
2024-08-20,59123.30,12753006008.22
2024-08-21,61133.03,13247509943.74
2024-08-22,60394.47,11741932208.29
2024-08-23,64106.80,17735289695.68
2024-08-24,64023.23,8332042279.61
2024-08-25,64498.02,7344246577.53
2024-08-26,62983.44,11765222507.91
2024-08-27,59548.01,16196170156.34
2024-08-28,59100.77,16269227449.24
2024-08-29,59339.79,13490674905.18
2024-08-30,59142.94,13277703706.35
2024-08-31,58959.93,4345701281.36
2024-09-01,57349.08,9816811735.95
2024-09-02,59159.02,11047866969.13
2024-09-03,57637.78,11039730131.91
2024-09-04,58033.40,14648077451.46
2024-09-05,56112.95,13216773017.37
2024-09-06,53838.95,21229088261.29
2024-09-07,54066.44,6886541284.19
2024-09-08,54859.26,6829908237.89
2024-09-09,57135.78,14170268042.32
2024-09-10,57664.50,12122066016.86
2024-09-11,57409.20,16186368450.71
2024-09-12,58124.64,13633068245.87
2024-09-13,60536.88,13583062100.60
2024-09-14,60007.17,5896778267.48
2024-09-15,59129.92,6978906950.18
2024-09-16,58227.46,13071559303.38
2024-09-17,60238.22,15841085588.04
2024-09-18,61306.23,17613526890.27
2024-09-19,62994.61,17659705947.46
2024-09-20,63153.95,14673503405.41
2024-09-21,63367.73,5119970502.22
2024-09-22,63571.95,7725566645.39
2024-09-23,63336.01,13215247845.10
2024-09-24,64342.79,12700396631.09
2024-09-25,63059.63,10291173191.98
2024-09-26,65057.79,15897485937.33
2024-09-27,65767.71,13617206254.06
2024-09-28,65770.53,4880798766.30
2024-09-29,65617.76,4856780415.70
2024-09-30,63260.04,15446677929.76
2024-10-01,60858.25,23270818264.65
2024-10-02,60686.10,18244767011.80
2024-10-03,60765.24,16764430984.35
2024-10-04,62052.51,13442137274.06
2024-10-05,62030.45,4757591875.38
2024-10-06,62789.88,5501211149.32
2024-10-07,62416.51,15152336917.06
2024-10-08,62126.33,12327676626.55
2024-10-09,60615.26,11846246278.68
2024-10-10,60221.12,12476986141.51
2024-10-11,62462.54,12284781048.44
2024-10-12,63202.88,5931014495.93
2024-10-13,62759.43,6617533143.71
2024-10-14,66089.76,17541092852.22
2024-10-15,66933.97,19434348652.04
2024-10-16,67662.95,15295535426.63
2024-10-17,67337.91,12482011519.39
2024-10-18,68390.54,14048753920.91
2024-10-19,68357.90,4147336382.59
2024-10-20,69012.35,5866736730.54
2024-10-21,67440.46,14197969402.60
2024-10-22,67425.76,12099812506.14
2024-10-23,66647.29,13100216506.61
2024-10-24,68130.99,12205886251.13
2024-10-25,66261.54,16843104339.73
2024-10-26,67023.34,6858456460.74
2024-10-27,68000.15,5911148022.34
2024-10-28,69862.52,15472061840.04
2024-10-29,72678.79,22275779339.77
2024-10-30,72450.28,15918357812.89
2024-10-31,70367.08,15127704004.25
2024-11-01,69483.58,18917480842.26
2024-11-02,69241.68,5747208351.15
2024-11-03,68742.75,12952356276.31
2024-11-04,67779.10,16389012360.09
2024-11-05,69538.02,18345971868.07
2024-11-06,75696.04,46384632346.96
2024-11-07,75972.30,23508672010.91
2024-11-08,76507.45,19702015068.70
2024-11-09,76799.25,8874192716.72
2024-11-10,80409.29,28791482392.26
2024-11-11,88860.00,45652137056.94
2024-11-12,88048.75,52989855143.85
2024-11-13,90369.38,49798236339.48
2024-11-14,87204.26,34267317507.24
2024-11-15,91139.08,28251191102.37
2024-11-16,90567.70,14410084266.82
2024-11-17,89732.97,16186834684.33
2024-11-18,90587.70,27910500132.91
2024-11-19,92254.14,27983610356.63
2024-11-20,94160.04,27977756043.45
2024-11-21,98545.57,39481692095.78
2024-11-22,98938.35,30287702968.20
2024-11-23,97707.05,15766620336.17
2024-11-24,97980.21,18458024699.30
2024-11-25,93343.03,31851444336.05
2024-11-26,91875.57,34061494261.41
2024-11-27,95989.08,25559278156.78
2024-11-28,95737.94,17253855955.75
2024-11-29,97398.94,19392495276.51
2024-11-30,96463.62,10153166323.62
2024-12-01,97469.60,12592808853.28
2024-12-02,95726.44,28207938616.50
2024-12-03,96010.88,27285056250.48
2024-12-04,98920.25,29549756970.84
2024-12-05,96949.66,57569587083.00
2024-12-06,99953.11,30947498352.09
2024-12-07,99977.70,12051249556.55
2024-12-08,100798.98,11465356877.63
2024-12-09,97390.20,34326543443.45
2024-12-10,96835.50,34344526365.90
2024-12-11,101310.20,25548730947.40
2024-12-12,100090.89,24627187732.56
2024-12-13,101289.82,17756696976.06
2024-12-14,101366.87,12179165002.71
2024-12-15,104551.37,14400829191.77
2024-12-16,105855.67,28511550537.32
2024-12-17,106115.91,23242198501.78
2024-12-18,100469.77,35801083068.60
2024-12-19,97697.05,38236829834.19
2024-12-20,97617.44,39774280586.79
2024-12-21,97093.02,17159894803.28
2024-12-22,95149.11,14777258603.41
2024-12-23,94800.76,25340431197.15
2024-12-24,98637.73,19288006529.85
2024-12-25,99235.37,13110186103.55
2024-12-26,95628.30,17826773424.43
2024-12-27,94219.98,19993928269.30
2024-12-28,95123.58,8031402349.40
2024-12-29,93457.58,10052804789.01
2024-12-30,92523.16,23145415271.35
2024-12-31,93389.73,17659137065.03
2025-01-01,94455.80,9108077295.37
2025-01-02,96851.39,18327962137.24
2025-01-03,98120.68,14169111840.95
2025-01-04,98230.05,7738627237.40
2025-01-05,98414.81,6607751088.02
2025-01-06,102179.56,20921379564.56
2025-01-07,96975.00,24401110219.56
2025-01-08,95039.28,27049516846.07
2025-01-09,92346.17,24583812496.11
2025-01-10,94759.12,25201525926.44
2025-01-11,94606.51,6307854703.48
2025-01-12,94353.78,7227570346.84
2025-01-13,94375.73,31090385823.44
2025-01-14,96569.48,21715790601.07
2025-01-15,100172.41,22147145661.38
2025-01-16,99977.73,21766540852.15
2025-01-17,104296.59,28603209217.20
2025-01-18,104398.16,18953018346.69
2025-01-19,100954.57,31744188138.80
2025-01-20,102589.00,51317637305.82
2025-01-21,105987.89,39454873873.40
2025-01-22,103791.13,23501168494.71
2025-01-23,104184.62,45986943745.52
2025-01-24,104716.12,21980482973.99
2025-01-25,104866.09,8261162245.90
2025-01-26,102833.37,7837200300.68
2025-01-27,101907.45,41554408507.09
2025-01-28,101138.14,20556270930.66
2025-01-29,103918.80,20959178538.36
2025-01-30,104987.45,17157353580.29
2025-01-31,102263.04,19021916495.45
2025-02-01,100610.29,9599070029.63
2025-02-02,97424.78,26552751481.14
2025-02-03,101582.41,54468001583.07
2025-02-04,97848.15,32561432718.55
2025-02-05,96559.33,20749823100.13
2025-02-06,96541.30,20222448953.59
2025-02-07,96384.11,24112643104.49
2025-02-08,96603.32,7973500337.87
2025-02-09,96309.75,10881132081.62
2025-02-10,97375.23,15895163710.10
2025-02-11,95806.26,15479704544.75
2025-02-12,97756.50,21080677731.75
2025-02-13,96534.74,14625048170.78
2025-02-14,97414.36,13749062681.16
2025-02-15,97583.24,6074739535.98
2025-02-16,96182.27,5617045927.09
2025-02-17,95790.51,10940054513.07
2025-02-18,95444.03,15962887708.84
2025-02-19,96647.91,11459185710.38
2025-02-20,98392.22,13394819326.62
2025-02-21,96048.99,21897261477.44
2025-02-22,96605.71,6659081341.89
2025-02-23,96091.63,5792453658.25
2025-02-24,91869.65,18412550371.25
2025-02-25,88769.74,35633078844.67
2025-02-26,83987.90,26395954156.81
2025-02-27,84625.42,21139644418.68
2025-02-28,84243.78,34897436162.71
2025-03-01,85844.37,11079855878.68
2025-03-02,94328.01,25190120350.61
2025-03-03,86315.93,31801652359.13
2025-03-04,87323.69,30270922420.70
2025-03-05,90619.41,20727649575.33
2025-03-06,90222.07,21109022221.13
2025-03-07,86553.59,30290408968.55
2025-03-08,86171.28,6915942325.28
2025-03-09,80647.80,13093275561.45
2025-03-10,79005.96,24932674289.78
2025-03-11,82747.16,23051083590.97
2025-03-12,83630.16,17000972105.32
2025-03-13,81110.29,13187054160.90
2025-03-14,84105.83,12765384469.05
2025-03-15,84352.88,4488395505.31
2025-03-16,82492.10,8087347558.76
2025-03-17,84013.95,9553690439.96
2025-03-18,82680.81,10149186678.55
2025-03-19,86774.24,14045050877.93
2025-03-20,84124.97,11906139748.09
2025-03-21,84069.41,7663030867.28
2025-03-22,83821.22,2969859937.64
2025-03-23,85760.88,4350988460.68
2025-03-24,87322.57,13411565050.78
2025-03-25,87422.84,11739095180.79
2025-03-26,86836.68,10823032366.16
2025-03-27,87211.32,9744468104.09
2025-03-28,84309.08,13793049390.29
2025-03-29,82497.18,6647836522.40
2025-03-30,82216.47,5858367346.48
2025-03-31,82461.45,12188503864.52
2025-04-01,85226.71,11781428700.81
2025-04-02,82555.63,19569585298.49
2025-04-03,82931.70,13206589793.63
2025-04-04,83774.18,17278215503.76
2025-04-05,83302.17,4904831268.07
2025-04-06,77949.09,13218322058.59
2025-04-07,79421.80,32545987367.78
2025-04-08,76351.43,17529114785.91
2025-04-09,82720.60,29155612909.84
2025-04-10,79558.96,15533416191.31
2025-04-11,83359.90,14689184563.84
2025-04-12,85269.25,8186173133.02
2025-04-13,83568.95,10337266569.16
2025-04-14,84589.03,12483447838.99
2025-04-15,83671.34,10489487965.79
2025-04-16,84151.54,11003120297.87
2025-04-17,84940.58,7814077006.37
2025-04-18,84434.77,3434179940.58
2025-04-19,85124.72,4125640213.90
2025-04-20,85101.75,4658692491.39
2025-04-21,87360.72,14895807506.92
2025-04-22,93495.61,20146337609.06
2025-04-23,93695.74,16741008055.48
2025-04-24,93849.88,11864055666.15
2025-04-25,94771.41,15299009439.69
2025-04-26,94694.51,5647420720.06
2025-04-27,93812.88,5808156803.07
2025-04-28,95066.02,12432788997.35
2025-04-29,94102.84,10171538791.00
2025-04-30,94236.73,11036868902.17
2025-05-01,96411.74,12508353583.60
2025-05-02,96842.10,9851162774.31
2025-05-03,95943.61,4879554720.26
2025-05-04,94377.79,6280005768.48
2025-05-05,94853.73,9712247218.29
2025-05-06,96677.92,10165321575.92
2025-05-07,97137.38,48541726514.22
2025-05-08,103069.54,22020676551.50
2025-05-09,102940.80,15983553925.57
2025-05-10,104582.82,8131622618.72
2025-05-11,103976.14,10013213279.80
2025-05-12,102920.07,17830073841.45
2025-05-13,104145.71,13413529666.47
2025-05-14,103572.72,11007810407.65
2025-05-15,103716.28,12380406261.97
2025-05-16,103566.27,10215197692.02
2025-05-17,103190.04,6751418099.25
2025-05-18,106015.69,11053921962.20
2025-05-19,105615.83,16802482187.38
2025-05-20,106893.33,14010120613.31
2025-05-21,109704.86,24209931850.26
2025-05-22,111477.01,18475130248.92
2025-05-23,107291.89,18477759507.17
2025-05-24,107917.33,8730901815.56
2025-05-25,108914.88,9842172580.50
2025-05-26,109371.99,10470527973.80
2025-05-27,109066.35,15024051847.40
2025-05-28,107895.40,11426204036.79
2025-05-29,105732.96,15813298293.18
2025-05-30,103981.30,15661318118.07
2025-05-31,104708.96,7461102178.51
2025-06-01,105750.16,6343557225.46
2025-06-02,105899.70,11007248964.34
2025-06-03,105483.99,10582016364.96
2025-06-04,104782.84,9645070684.22
2025-06-05,101669.19,16448511872.67
2025-06-06,104421.05,12408557529.56
2025-06-07,105685.25,5986936894.36
2025-06-08,105727.74,5473342828.50
2025-06-09,110198.16,13556775340.08
2025-06-10,110074.12,13145230463.94
2025-06-11,108645.79,11626299489.16
2025-06-12,105998.99,14113064476.20
2025-06-13,106024.82,19183345139.59
2025-06-14,105467.11,6345667594.07
2025-06-15,105512.80,6247051630.86
2025-06-16,107243.93,12597510652.62
2025-06-17,104628.40,15067264348.07
2025-06-18,104813.37,11867998161.97
2025-06-19,104709.72,6724785029.33
2025-06-20,103274.96,12460806238.09
2025-06-21,101548.20,7931227805.04
2025-06-22,100899.23,19257678202.86
2025-06-23,105496.95,19741727985.35
2025-06-24,105964.07,12464279133.96
2025-06-25,107305.07,12257398202.28
2025-06-26,107012.82,9443460585.41
2025-06-27,107090.96,9614561384.06
2025-06-28,107357.62,2888544608.48
2025-06-29,108360.90,4831141636.39
2025-06-30,107153.10,8629191668.70
2025-07-01,105566.36,9762669802.19
2025-07-02,108927.13,13097857125.51
2025-07-03,109632.16,11313537979.86
2025-07-04,108081.40,8213665633.87
2025-07-05,108244.79,2970350655.81
2025-07-06,109180.01,4874354794.49
2025-07-07,108249.40,9140336151.15
2025-07-08,108956.63,8186436336.06
2025-07-09,111416.81,13148632993.22
2025-07-10,115873.90,18917035798.18
2025-07-11,117618.61,20639943017.49
2025-07-12,117382.37,7311796759.56
2025-07-13,118899.74,8457114068.99
2025-07-14,119871.10,21732121551.80
2025-07-15,117710.89,26059070059.71
2025-07-16,118730.19,16264314608.06
2025-07-17,119501.66,16580270713.11
2025-07-18,117958.51,18551423140.58
2025-07-19,117908.52,5920350566.57
2025-07-20,117305.68,9654593939.04
2025-07-21,117432.44,14743946128.57
2025-07-22,120068.01,17779266385.74
2025-07-23,118650.59,13812421662.35
2025-07-24,118377.08,14165320177.50
2025-07-25,117520.17,26172458177.62
2025-07-26,117983.20,5974910079.15
2025-07-27,119438.16,7479219337.60
2025-07-28,118022.64,12091447012.38
2025-07-29,117871.37,12269216871.90
2025-07-30,117732.64,12826194664.66
2025-07-31,115848.34,13678749060.60
2025-08-01,113282.14,22380918296.62
2025-08-02,112545.67,9005629652.91
2025-08-03,114263.69,6136554181.33
2025-08-04,115199.93,9335003412.42
2025-08-05,114111.36,11081013174.66
2025-08-06,115034.68,9202525953.82
2025-08-07,117444.91,11371673339.03
2025-08-08,116740.69,10220840583.61
2025-08-09,116511.66,7567658205.32
2025-08-10,119189.20,10734330281.84
2025-08-11,118742.04,19799682749.60
2025-08-12,120154.32,14392280168.34
2025-08-13,123442.68,18966729854.00
2025-08-14,118510.27,25953822040.23
2025-08-15,117311.21,14256993272.29
2025-08-16,117462.43,5886947036.54
2025-08-17,117601.95,5638822051.37
2025-08-18,116312.91,16233312750.01
2025-08-19,112886.10,16501190958.40
2025-08-20,114277.32,14475176116.26
2025-08-21,112347.10,11956571281.99
2025-08-22,116800.98,18957055699.34
2025-08-23,115280.44,8291055728.14
2025-08-24,113516.12,14043692075.48
2025-08-25,110089.53,21453019255.94
2025-08-26,111895.30,16664986838.24
2025-08-27,111252.31,13497448429.49
2025-08-28,112481.15,11943143071.00
2025-08-29,108473.33,18145672643.39
2025-08-30,108746.15,8110253841.68
2025-08-31,108316.45,7415754575.46
2025-09-01,108992.32,14346518910.44
2025-09-02,111140.95,16837306198.34
2025-09-03,111780.74,11520236355.72
2025-09-04,110900.63,12259494620.53
2025-09-05,110711.23,17849467845.74
2025-09-06,110243.65,4885952743.03
2025-09-07,111307.78,5503361207.79
2025-09-08,112112.31,11881644863.42
2025-09-09,111486.40,13874493651.94
2025-09-10,113930.75,15842219824.02
2025-09-11,115445.81,13142678559.45
2025-09-12,116149.17,14548222180.89
2025-09-13,115965.63,7327141520.62
2025-09-14,115395.93,6751659781.01
2025-09-15,115420.93,13547222726.43
2025-09-16,116798.87,11803048946.75
2025-09-17,116575.78,16797382927.55
2025-09-18,117014.43,13337562658.45
2025-09-19,115612.37,10566943391.41
2025-09-20,115753.17,4442948564.84
2025-09-21,115320.86,4649633986.71
2025-09-22,112727.71,20251353066.22
2025-09-23,112052.39,13064802558.83
2025-09-24,113324.62,13125431362.88
2025-09-25,109166.35,22812451800.30
2025-09-26,109669.10,17186588078.01
2025-09-27,109644.73,5764670549.82
2025-09-28,112170.01,8417980304.00
2025-09-29,114341.14,15885916390.72
2025-09-30,113971.74,17008581021.39
2025-10-01,118393.27,19575644389.52
2025-10-02,120558.59,19649552279.15
2025-10-03,122348.13,23481212574.14
2025-10-04,122379.74,9406609215.43
2025-10-05,123523.77,19472740991.50
2025-10-06,124824.45,20349578981.26
2025-10-07,121587.70,22491351847.64
2025-10-08,123390.35,18680145344.38
2025-10-09,121603.33,20984333645.49
2025-10-10,113754.85,47908057116.70
2025-10-11,110940.11,28542814310.39
2025-10-12,115152.92,26508865408.38
2025-10-13,115332.25,21083944129.22
2025-10-14,113327.08,27503974115.99
2025-10-15,110862.87,21055442349.50
2025-10-16,108135.05,27655223427.28
2025-10-17,106625.67,29417620449.23
2025-10-18,107143.91,9105737752.27
2025-10-19,108706.66,12808176441.53
2025-10-20,110640.25,18226847720.14
2025-10-21,108700.38,28952668393.56
2025-10-22,107667.63,23143527221.06
2025-10-23,110060.94,16633806927.75
2025-10-24,111024.94,14621175357.44
2025-10-25,111614.54,5865239460.88
2025-10-26,114557.10,11180619667.24
2025-10-27,114087.77,16240988722.13
2025-10-28,112980.69,29642862016.45
2025-10-29,110206.35,19932119573.41
2025-10-30,108019.72,20863177149.62
2025-10-31,109554.24,16831576618.73
2025-11-01,110005.30,5659876251.11
2025-11-02,110389.17,8366699632.66
2025-11-03,106495.80,21396740357.53
2025-11-04,101349.74,32158894943.18
2025-11-05,103915.88,21499372722.42
2025-11-06,101241.57,18618495846.64
2025-11-07,103428.47,20941307903.61
2025-11-08,102335.02,8841475521.14
2025-11-09,104685.55,11037810584.40
2025-11-10,106082.48,15848166863.42
2025-11-11,102974.41,17179170709.98
2025-11-12,101682.13,15894584331.06
2025-11-13,100035.31,25226563256.08
2025-11-14,94502.55,30180964067.97
2025-11-15,95541.32,10481337826.15
2025-11-16,94182.31,14612642085.39
2025-11-17,91911.47,23256453972.30
2025-11-18,92836.44,24872777467.14
2025-11-19,91320.48,21238488251.40
2025-11-20,86911.30,24504784415.55
2025-11-21,84948.05,36802830241.99
2025-11-22,84775.00,10601923533.96
2025-11-23,86872.45,12948187027.70
2025-11-24,88377.60,18282063677.46
2025-11-25,87434.55,14551807977.39
2025-11-26,90449.28,14920757378.34
2025-11-27,91336.20,12150068250.02
2025-11-28,90990.13,14066236141.59
2025-11-29,90842.07,5755699796.96
2025-11-30,90607.70,6574524333.18
2025-12-01,86504.64,22724122357.92
2025-12-02,91528.02,18531414678.93
2025-12-03,93609.09,18693830635.03
2025-12-04,92205.59,14272111164.65
2025-12-05,89279.83,14846702903.83
2025-12-06,89169.56,6140983937.04
2025-12-07,90067.85,9071904290.11
2025-12-08,90673.14,13207334544.57
2025-12-09,92808.85,15802628094.80
2025-12-10,92102.93,15442453873.48
2025-12-11,92623.72,16063500689.38
2025-12-12,90331.61,12884081085.88
2025-12-13,90245.27,4168500520.41
2025-12-14,88096.38,7610477549.80
2025-12-15,86352.58,15291338042.03
2025-12-16,87752.43,13807826563.15
2025-12-17,86059.55,15690749393.59
2025-12-18,85434.19,18290414008.22
2025-12-19,88168.07,15431092856.75
2025-12-20,88292.45,3887794491.54
2025-12-21,88533.43,5539567171.58
2025-12-22,88474.46,13194233499.94
2025-12-23,87365.99,11250364614.60
2025-12-24,87625.67,8124244794.01
2025-12-25,87231.30,5710890301.50
2025-12-26,87334.81,12537667436.33
2025-12-27,87695.42,3260602911.67
2025-12-28,87747.65,4029679917.88
2025-12-29,87133.51,15862580667.11
2025-12-30,88428.49,11955893118.50
2025-12-31,87516.98,11132102416.44
2026-01-01,88684.22,5094051144.85
2026-01-02,89940.18,15137901318.76
2026-01-03,90598.13,5508980380.47
2026-01-04,91359.76,7454119280.35
2026-01-05,93948.58,16907301306.09
2026-01-06,93574.29,17088302719.69
2026-01-07,91208.96,14817512349.92
2026-01-08,91096.92,13689781865.55
2026-01-09,90539.60,12667583502.91
2026-01-10,90406.14,2998465868.94
2026-01-11,90717.21,4399752743.65
2026-01-12,91141.15,13447991100.95
2026-01-13,95304.50,18052772425.04
2026-01-14,97043.99,19573284071.12
2026-01-15,95546.14,15513091732.36
2026-01-16,95489.13,9950363881.99
2026-01-17,95106.98,3771967991.52
2026-01-18,94261.33,5172210667.30
2026-01-19,92526.24,10767857457.89
2026-01-20,88236.56,16870115090.37
2026-01-21,89599.36,18618685583.67
2026-01-22,89395.70,11238508529.50
2026-01-23,89439.77,12195380643.88
2026-01-24,89185.04,3382816668.33
2026-01-25,86445.67,10479342199.40
2026-01-26,88337.45,13972514016.97
2026-01-27,89260.38,12185717259.73
2026-01-28,89177.79,12764139942.47
2026-01-29,84520.40,20310891947.31
2026-01-30,84017.03,21908127887.69
2026-01-31,78702.39,22589874141.19
2026-02-01,76911.05,17677831721.97
2026-02-02,78716.60,24437332330.80
2026-02-03,75684.77,22188271531.54
2026-02-04,73095.19,22248662366.69
2026-02-05,63494.69,44630368803.22
2026-02-06,70647.70,37324027378.00
2026-02-07,69166.26,18403458968.95
2026-02-08,70522.59,10348141701.15
2026-02-09,70244.10,15365029287.98
2026-02-10,68688.79,12491716714.49
2026-02-11,66989.72,16288568242.85
2026-02-12,66221.54,13500803360.65
2026-02-13,68860.84,12166056907.29
2026-02-14,69798.08,7931475979.30
2026-02-15,68629.96,9805724947.98
2026-02-16,68747.44,8996323258.07
2026-02-17,67471.05,10237409745.72
2026-02-18,66380.71,9773524623.91
2026-02-19,66932.35,9077495321.16
2026-02-20,67977.31,13693046180.52
2026-02-21,68020.67,5002388456.53
2026-02-22,67550.02,4752977660.97
2026-02-23,64689.91,15313809541.57
2026-02-24,64123.75,13795669712.80
2026-02-25,68038.52,18821465002.85
2026-02-26,67519.26,14016731382.87
2026-02-27,65864.14,12404681958.20
2026-02-28,66965.64,12912585947.95
2026-03-01,65733.52,12098871406.36
2026-03-02,68922.62,16575437044.99
2026-03-03,68431.17,22036193359.60
2026-03-04,72667.46,21395736162.14
2026-03-05,70987.43,14464643420.28
2026-03-06,68226.71,12703080811.22
2026-03-07,67315.55,5390091419.79
2026-03-08,66202.70,8743505849.24
2026-03-09,68528.54,13732881594.76
2026-03-10,69891.82,14926029166.87
2026-03-11,70298.58,11806121641.63
2026-03-12,70538.11,10757231426.17
2026-03-13,70930.01,15503153905.68
2026-03-14,71136.22,4912921003.83
2026-03-15,72712.15,6685093781.73
2026-03-16,74723.96,14074228146.95
2026-03-17,74086.01,12975796814.97
2026-03-18,71253.96,11441129206.93
2026-03-19,69948.90,11156808586.90
2026-03-20,70510.42,9585769501.11
2026-03-21,69707.29,4614139324.07
2026-03-22,68018.15,7246839804.57
2026-03-23,70726.21,13251917379.28
2026-03-24,70610.02,10140065174.36
2026-03-25,71281.30,8731445657.54
2026-03-26,68722.97,9943606544.87
2026-03-27,66214.17,11658318655.13
2026-03-28,66351.07,4914337630.76
2026-03-29,65966.75,5345293011.42
2026-03-30,66651.23,9824296421.02
2026-03-31,68214.87,11230550844.22
2026-04-01,68116.82,8541859341.44
2026-04-02,66908.32,8940972793.29
2026-04-03,66891.74,4537508158.45
2026-04-04,67295.13,2713849095.87
2026-04-05,68921.81,4431514958.17
2026-04-06,68742.91,9177587835.93
2026-04-07,72057.12,11564273126.92
2026-04-08,71085.06,10472729559.10
2026-04-09,71788.68,9629160052.19
2026-04-10,72945.07,9055226545.25
2026-04-11,73119.11,4481982639.83
2026-04-12,70685.37,7014699118.69
2026-04-13,74632.75,13131024727.67
2026-04-14,74173.51,13550695493.51
2026-04-15,74761.96,11070705577.51
2026-04-16,75095.74,10039394423.36
2026-04-17,77114.48,13233227191.81
2026-04-18,75792.06,5332187760.50
2026-04-19,73905.20,6917646203.18
2026-04-20,75814.15,9730180393.46
2026-04-21,76107.44,9141669158.83
2026-04-22,78317.74,11229538356.71
2026-04-23,78233.68,9992572834.63
2026-04-24,77444.27,8039278939.11
2026-04-25,77624.71,2950906890.33
2026-04-26,78538.77,4740570129.63
2026-04-27,77256.30,9168642335.70
2026-04-28,76295.53,7095223999.43
2026-04-29,75795.01,9332698126.83
2026-04-30,76299.62,6754679935.89
2026-05-01,78132.64,8899608158.98
2026-05-02,78712.54,3142512094.68
2026-05-03,78649.17,3884299376.22
2026-05-04,79826.11,12668308186.68
2026-05-05,80936.75,8763765050.73
2026-05-06,81364.62,9240366121.48
2026-05-07,79989.00,8278398107.85
2026-05-08,80179.69,7131369152.18
2026-05-09,80663.63,3315687892.14
2026-05-10,82256.78,5558559205.02
2026-05-11,81714.74,7779465162.57
2026-05-12,80525.56,7465573232.75
2026-05-13,79291.91,7738595266.75
2026-05-14,81175.83,10604111465.96
2026-05-15,79063.41,8879776564.07
2026-05-16,78164.50,4900843128.82
2026-05-17,77497.70,4499336102.45
2026-05-18,76975.91,10848478512.24
2026-05-19,76807.46,6772474385.84
2026-05-20,77408.17,6805669527.72
2026-05-21,77595.39,6812039048.55
2026-05-22,75567.54,7352144087.41
2026-05-23,76619.87,7541379949.98
